mmorelli,4,"
"
kathyylchan,4,"
"
21400618@N06,4,"
"
minusmanhattan,4,"
"
lostncheeseland,4,"
"
francescabondy,4,"
"
clumsybird,4,"
"
31134010@N02,4,"
"
minusbaby,4,"
"
kriebel,4,"
"
sha8088,4,"
"
27655120@N06,4,"
"
kirby,4,"
"
50769820@N06,4,"
"
sharynmorrow,4,"
"
iraform,4,"
"
ulteriorepicure,4,"
"
decor8,4,"
"
chee,4,"
"
ari,4,"
"
_shazza_,4,"
"
31418704@N02,4,"
"
sargent_works,4,"
"
koluthcka,4,"
"
ira,4,"
"
missyjane20,4,"
"
nothingkin,4,"
"
bl,4,"
"
audreykb,4,"
"
zagatbuzz,4,"
"
shawnana,4,"
"
boy,4,"
"
elsiecake,4,"
"
k,4,"
"
elisabelleb,4,"
"
iamchanelle,4,"
"
ranm,4,"
"
vallen,4,"
"
alaric66,4,"
"
chris6sigma,4,"
"
lyndsayjobe,4,"
"
gothamistllc,4,"
"
40389150@N06,4,"
"
lauraheathercarol,4,"
"
wfiupublicradio,4,"
"
11587277@N03,4,"
"
sarahmcneil,4,"
"
vesleserena,4,"
"
bango707,4,"
"
anjali1999,4,"
"
gloriousevents,4,"
"
wvallen,4,"
"
jennabraunstein,4,"
"
nypl,4,"
"
ste,4,"
"
roboppy,4,"
"
15,4,"
"
jmoranmoya,4,"
"
gumisforlovers,4,"
"
42943062@N04,4,"
"
seriouseats,4,"
"
smithology83,4,"
"
pony_tail,4,"
"
erio,4,"
"
lomokev,4,"
"
heather,4,"
"
shaw,4,"
"
herroyalmajesty,4,"
"
bossacafez,4,"
"
67092284@N08,4,"
"
j0annie,4,"
"
noraleah,4,"
"
serena,4,"
"
smitten,4,"
"
lucysunnyvale,4,"
"
vanillasplash,4,"
"
siharath,4,"
"
food2,4,"
"
fashionfades,4,"
"
28757974@N00,4,"
"
las,4,"
"
35366972@N03,4,"
"
figandplum,4,"
"
posterboynyc,4,"
"
aemays,4,"
"
elsie,4,"
"
