j0annie,kriebel
kriebel,posterboynyc
j0annie,_shazza_
j0annie,elsiecake
elsiecake,clumsybird
elsiecake,decor8
elsiecake,bossacafez
elsiecake,ranm
j0annie,smithology83
smithology83,sargent_works
smithology83,wvallen
j0annie,nothingkin
j0annie,27655120@N06
27655120@N06,lomokev
j0annie,aemays
j0annie,siharath
j0annie,anjali1999
j0annie,bango707
bango707,kathyylchan
bango707,herroyalmajesty
j0annie,42943062@N04
j0annie,bossacafez
j0annie,francescabondy
francescabondy,28757974@N00
j0annie,missyjane20
missyjane20,food2
missyjane20,28757974@N00
missyjane20,smitten
missyjane20,ulteriorepicure
j0annie,31418704@N02
j0annie,clumsybird
j0annie,decor8
decor8,elsiecake
decor8,bossacafez
decor8,figandplum
j0annie,audreykb
j0annie,sargent_works
sargent_works,smithology83
sargent_works,bossacafez
sargent_works,31134010@N02
sargent_works,jmoranmoya
sargent_works,kathyylchan
sargent_works,28757974@N00
sargent_works,alaric66
sargent_works,roboppy
sargent_works,seriouseats
sargent_works,ulteriorepicure
j0annie,kirby
j0annie,31134010@N02
31134010@N02,decor8
j0annie,vanillasplash
vanillasplash,clumsybird
vanillasplash,elisabelleb
j0annie,chris6sigma
chris6sigma,food2
chris6sigma,jmoranmoya
chris6sigma,kathyylchan
chris6sigma,alaric66
chris6sigma,roboppy
chris6sigma,ulteriorepicure
chris6sigma,zagatbuzz
j0annie,food2
food2,31418704@N02
food2,chris6sigma
food2,jmoranmoya
food2,alaric66
food2,kathyylchan
food2,28757974@N00
food2,missyjane20
food2,roboppy
food2,smitten
food2,40389150@N06
food2,ulteriorepicure
food2,zagatbuzz
j0annie,gloriousevents
j0annie,gothamistllc
j0annie,figandplum
figandplum,smitten
j0annie,gumisforlovers
gumisforlovers,elsiecake
gumisforlovers,elisabelleb
gumisforlovers,las
gumisforlovers,pony_tail
j0annie,sha8088
sha8088,heather
sha8088,28757974@N00
j0annie,35366972@N03
j0annie,shawnana
j0annie,iamchanelle
iamchanelle,elsiecake
iamchanelle,28757974@N00
j0annie,iraform
j0annie,11587277@N03
j0annie,elisabelleb
elisabelleb,clumsybird
j0annie,jennabraunstein
j0annie,jmoranmoya
jmoranmoya,smithology83
jmoranmoya,chris6sigma
jmoranmoya,kathyylchan
jmoranmoya,roboppy
jmoranmoya,ulteriorepicure
j0annie,kathyylchan
kathyylchan,chris6sigma
kathyylchan,28757974@N00
kathyylchan,roboppy
kathyylchan,serena
kathyylchan,seriouseats
kathyylchan,smitten
kathyylchan,ulteriorepicure
j0annie,koluthcka
j0annie,28757974@N00
28757974@N00,bossacafez
28757974@N00,francescabondy
28757974@N00,chee
28757974@N00,decor8
28757974@N00,iamchanelle
28757974@N00,ira
28757974@N00,roboppy
28757974@N00,ulteriorepicure
j0annie,lauraheathercarol
j0annie,lomokev
lomokev,heather
lomokev,boy
j0annie,lostncheeseland
lostncheeseland,28757974@N00
lostncheeseland,roboppy
lostncheeseland,smitten
j0annie,lucysunnyvale
j0annie,lyndsayjobe
lyndsayjobe,koluthcka
j0annie,21400618@N06
21400618@N06,28757974@N00
j0annie,67092284@N08
j0annie,sharynmorrow
sharynmorrow,heather
sharynmorrow,lomokev
sharynmorrow,15
sharynmorrow,roboppy
sharynmorrow,40389150@N06
j0annie,mmorelli
j0annie,minusmanhattan
j0annie,minusbaby
minusbaby,elsie
minusbaby,lomokev
minusbaby,shaw
minusbaby,smitten
minusbaby,k
j0annie,nypl
j0annie,noraleah
noraleah,ulteriorepicure
j0annie,alaric66
alaric66,erio
alaric66,kathyylchan
alaric66,sharynmorrow
alaric66,roboppy
alaric66,seriouseats
alaric66,ste
alaric66,zagatbuzz
j0annie,pony_tail
pony_tail,sarahmcneil
pony_tail,lomokev
j0annie,posterboynyc
j0annie,roboppy
roboppy,bossacafez
roboppy,kathyylchan
roboppy,28757974@N00
roboppy,serena
roboppy,seriouseats
roboppy,ulteriorepicure
j0annie,sarahmcneil
sarahmcneil,bossacafez
sarahmcneil,decor8
sarahmcneil,kathyylchan
sarahmcneil,roboppy
sarahmcneil,fashionfades
sarahmcneil,ulteriorepicure
j0annie,50769820@N06
j0annie,seriouseats
seriouseats,roboppy
seriouseats,smitten
seriouseats,ulteriorepicure
j0annie,fashionfades
fashionfades,_shazza_
fashionfades,pony_tail
fashionfades,sarahmcneil
j0annie,smitten
smitten,28757974@N00
j0annie,herroyalmajesty
herroyalmajesty,nypl
j0annie,40389150@N06
j0annie,ulteriorepicure
j0annie,vesleserena
vesleserena,elsiecake
j0annie,wfiupublicradio
wfiupublicradio,ari
wfiupublicradio,40389150@N06
j0annie,wvallen
wvallen,smithology83
wvallen,heather
wvallen,lomokev
wvallen,nypl
wvallen,posterboynyc
wvallen,vallen
j0annie,zagatbuzz
zagatbuzz,27655120@N06
zagatbuzz,31418704@N02
zagatbuzz,chris6sigma
zagatbuzz,food2
zagatbuzz,alaric66
zagatbuzz,kathyylchan
zagatbuzz,bl
